video_file,fps
L01_V001.mp4,25.0
L01_V002.mp4,25.0
L01_V003.mp4,25.0
L01_V004.mp4,25.0
L01_V005.mp4,25.0
L01_V006.mp4,25.0
L01_V007.mp4,25.0
L01_V008.mp4,25.0
L01_V009.mp4,25.0
L01_V010.mp4,25.0
L01_V011.mp4,25.0
L01_V012.mp4,25.0
L01_V013.mp4,25.0
L01_V014.mp4,25.0
L01_V015.mp4,25.0
L01_V016.mp4,25.0
L01_V017.mp4,25.0
L01_V018.mp4,25.0
L01_V019.mp4,25.0
L01_V020.mp4,25.0
L01_V021.mp4,25.0
L01_V022.mp4,25.0
L01_V023.mp4,25.0
L01_V024.mp4,25.0
L01_V025.mp4,25.0
L01_V026.mp4,25.0
L01_V027.mp4,25.0
L01_V028.mp4,25.0
L01_V029.mp4,25.0
L01_V030.mp4,25.0
L01_V031.mp4,25.0
scene-001-00;01;02.000-00;01;09.000.mp4,25.0
L02_V001.mp4,25.0
L02_V002.mp4,25.0
L02_V003.mp4,25.0
L02_V004.mp4,25.0
L02_V005.mp4,25.0
L02_V006.mp4,25.0
L02_V007.mp4,25.0
L02_V008.mp4,25.0
L02_V009.mp4,25.0
L02_V010.mp4,25.0
L02_V011.mp4,25.0
L02_V012.mp4,25.0
L02_V013.mp4,25.0
L02_V014.mp4,25.0
L02_V015.mp4,25.0
L02_V016.mp4,25.0
L02_V017.mp4,25.0
L02_V018.mp4,25.0
L02_V019.mp4,25.0
L02_V020.mp4,25.0
L02_V021.mp4,25.0
L02_V022.mp4,25.0
L02_V023.mp4,25.0
L02_V024.mp4,25.0
L02_V025.mp4,25.0
L02_V026.mp4,25.0
L02_V027.mp4,25.0
L02_V028.mp4,25.0
L02_V029.mp4,25.0
L02_V030.mp4,25.0
L02_V031.mp4,25.0
L03_V001.mp4,25.0
L03_V002.mp4,25.0
L03_V003.mp4,25.0
L03_V004.mp4,25.0
L03_V005.mp4,25.0
L03_V006.mp4,25.0
L03_V007.mp4,25.0
L03_V008.mp4,25.0
L03_V009.mp4,25.0
L03_V010.mp4,25.0
L03_V011.mp4,25.0
L03_V012.mp4,25.0
L03_V013.mp4,25.0
L03_V014.mp4,25.0
L03_V015.mp4,25.0
L03_V016.mp4,25.0
L03_V017.mp4,25.0
L03_V018.mp4,25.0
L03_V019.mp4,25.0
L03_V020.mp4,25.0
L03_V021.mp4,25.0
L03_V022.mp4,25.0
L03_V023.mp4,25.0
L03_V024.mp4,25.0
L03_V025.mp4,25.0
L03_V026.mp4,25.0
L03_V027.mp4,25.0
L03_V028.mp4,25.0
L03_V029.mp4,25.0
L03_V030.mp4,25.0
L04_V001.mp4,25.0
L04_V002.mp4,25.0
L04_V003.mp4,25.0
L04_V004.mp4,25.0
L04_V005.mp4,25.0
L04_V006.mp4,25.0
L04_V007.mp4,25.0
L04_V008.mp4,25.0
L04_V009.mp4,25.0
L04_V010.mp4,25.0
L04_V011.mp4,25.0
L04_V012.mp4,25.0
L04_V013.mp4,25.0
L04_V014.mp4,25.0
L04_V015.mp4,25.0
L04_V016.mp4,25.0
L04_V017.mp4,25.0
L04_V018.mp4,25.0
L04_V019.mp4,25.0
L04_V020.mp4,25.0
L04_V021.mp4,25.0
L04_V022.mp4,25.0
L04_V023.mp4,25.0
L04_V024.mp4,25.0
L04_V025.mp4,25.0
L04_V026.mp4,25.0
L04_V027.mp4,25.0
L04_V028.mp4,25.0
L04_V029.mp4,25.0
L04_V030.mp4,25.0
L05_V001.mp4,25.0
L05_V002.mp4,25.0
L05_V003.mp4,25.0
L05_V004.mp4,25.0
L05_V005.mp4,25.0
L05_V006.mp4,25.0
L05_V007.mp4,25.0
L05_V008.mp4,25.0
L05_V009.mp4,25.0
L05_V010.mp4,25.0
L05_V011.mp4,25.0
L05_V012.mp4,25.0
L05_V013.mp4,25.0
L05_V014.mp4,25.0
L05_V015.mp4,25.0
L05_V016.mp4,25.0
L05_V017.mp4,25.0
L05_V018.mp4,25.0
L05_V019.mp4,25.0
L05_V020.mp4,25.0
L05_V021.mp4,25.0
L05_V022.mp4,25.0
L05_V023.mp4,25.0
L05_V024.mp4,25.0
L05_V025.mp4,25.0
L05_V026.mp4,25.0
L05_V027.mp4,25.0
L05_V028.mp4,25.0
L05_V029.mp4,25.0
L05_V030.mp4,25.0
L05_V031.mp4,25.0
L06_V001.mp4,25.0
L06_V002.mp4,25.0
L06_V003.mp4,30.0
L06_V004.mp4,25.0
L06_V005.mp4,25.0
L06_V006.mp4,25.0
L06_V007.mp4,25.0
L06_V008.mp4,25.0
L06_V009.mp4,25.0
L06_V010.mp4,25.0
L06_V011.mp4,25.0
L06_V012.mp4,25.0
L06_V013.mp4,25.0
L06_V014.mp4,25.0
L06_V015.mp4,25.0
L06_V016.mp4,25.0
L06_V017.mp4,25.0
L06_V018.mp4,25.0
L06_V019.mp4,25.0
L06_V020.mp4,25.0
L06_V021.mp4,25.0
L06_V022.mp4,25.0
L06_V023.mp4,25.0
L06_V024.mp4,25.0
L06_V025.mp4,25.0
L06_V026.mp4,25.0
L06_V027.mp4,25.0
L06_V028.mp4,25.0
L06_V029.mp4,25.0
L06_V030.mp4,25.0
L06_V031.mp4,25.0
L07_V001.mp4,25.0
L07_V002.mp4,25.0
L07_V003.mp4,25.0
L07_V004.mp4,25.0
L07_V005.mp4,25.0
L07_V006.mp4,25.0
L07_V007.mp4,25.0
L07_V008.mp4,25.0
L07_V009.mp4,25.0
L07_V010.mp4,25.0
L07_V011.mp4,25.0
L07_V012.mp4,25.0
L07_V013.mp4,25.0
L07_V014.mp4,25.0
L07_V015.mp4,25.0
L07_V016.mp4,25.0
L07_V017.mp4,25.0
L07_V018.mp4,25.0
L07_V019.mp4,25.0
L07_V020.mp4,25.0
L07_V021.mp4,25.0
L07_V022.mp4,25.0
L07_V023.mp4,25.0
L07_V024.mp4,25.0
L07_V025.mp4,25.0
L07_V026.mp4,25.0
L07_V027.mp4,25.0
L07_V028.mp4,25.0
L07_V029.mp4,25.0
L07_V030.mp4,25.0
L07_V031.mp4,25.0
L08_V001.mp4,25.0
L08_V002.mp4,25.0
L08_V003.mp4,25.0
L08_V004.mp4,25.0
L08_V005.mp4,25.0
L08_V006.mp4,25.0
L08_V007.mp4,25.0
L08_V008.mp4,25.0
L08_V009.mp4,25.0
L08_V010.mp4,25.0
L08_V011.mp4,25.0
L08_V012.mp4,25.0
L08_V013.mp4,25.0
L08_V014.mp4,25.0
L08_V015.mp4,25.0
L08_V016.mp4,25.0
L08_V017.mp4,25.0
L08_V018.mp4,25.0
L08_V019.mp4,25.0
L08_V020.mp4,25.0
L08_V021.mp4,25.0
L08_V022.mp4,25.0
L08_V023.mp4,25.0
L08_V024.mp4,25.0
L08_V025.mp4,25.0
L08_V026.mp4,25.0
L08_V027.mp4,25.0
L08_V028.mp4,25.0
L08_V029.mp4,25.0
L08_V030.mp4,25.0
L09_V001.mp4,25.0
L09_V002.mp4,25.0
L09_V003.mp4,25.0
L09_V004.mp4,25.0
L09_V005.mp4,25.0
L09_V006.mp4,25.0
L09_V007.mp4,25.0
L09_V008.mp4,25.0
L09_V009.mp4,30.0
L09_V010.mp4,25.0
L09_V011.mp4,25.0
L09_V012.mp4,25.0
L09_V013.mp4,25.0
L09_V014.mp4,25.0
L09_V015.mp4,25.0
L09_V016.mp4,25.0
L09_V017.mp4,25.0
L09_V018.mp4,25.0
L09_V019.mp4,25.0
L09_V020.mp4,25.0
L09_V021.mp4,25.0
L09_V022.mp4,25.0
L09_V023.mp4,25.0
L09_V024.mp4,25.0
L09_V025.mp4,25.0
L09_V026.mp4,25.0
L09_V027.mp4,25.0
L09_V028.mp4,25.0
L09_V029.mp4,25.0
L10_V001.mp4,25.0
L10_V002.mp4,25.0
L10_V003.mp4,25.0
L10_V004.mp4,25.0
L10_V005.mp4,25.0
L10_V006.mp4,25.0
L10_V007.mp4,25.0
L10_V008.mp4,25.0
L10_V009.mp4,25.0
L10_V010.mp4,25.0
L10_V011.mp4,25.0
L10_V012.mp4,25.0
L10_V013.mp4,25.0
L10_V014.mp4,25.0
L10_V015.mp4,25.0
L10_V016.mp4,25.0
L10_V017.mp4,25.0
L10_V018.mp4,25.0
L10_V019.mp4,25.0
L10_V020.mp4,25.0
L10_V021.mp4,25.0
L10_V022.mp4,25.0
L10_V023.mp4,25.0
L10_V024.mp4,25.0
L10_V025.mp4,25.0
L10_V026.mp4,25.0
L10_V027.mp4,25.0
L10_V028.mp4,25.0
L10_V029.mp4,25.0
L11_V001.mp4,25.0
L11_V002.mp4,25.0
L11_V003.mp4,25.0
L11_V004.mp4,25.0
L11_V005.mp4,25.0
L11_V006.mp4,25.0
L11_V007.mp4,25.0
L11_V008.mp4,25.0
L11_V009.mp4,25.0
L11_V010.mp4,25.0
L11_V011.mp4,25.0
L11_V012.mp4,25.0
L11_V013.mp4,25.0
L11_V014.mp4,25.0
L11_V015.mp4,25.0
L11_V016.mp4,25.0
L11_V017.mp4,25.0
L11_V018.mp4,25.0
L11_V019.mp4,25.0
L11_V020.mp4,25.0
L11_V021.mp4,25.0
L11_V022.mp4,25.0
L11_V023.mp4,25.0
L11_V024.mp4,25.0
L11_V025.mp4,25.0
L11_V026.mp4,25.0
L11_V027.mp4,25.0
L11_V028.mp4,25.0
L11_V029.mp4,25.0
L11_V030.mp4,25.0
L12_V001.mp4,25.0
L12_V002.mp4,25.0
L12_V003.mp4,25.0
L12_V004.mp4,25.0
L12_V005.mp4,25.0
L12_V006.mp4,25.0
L12_V007.mp4,25.0
L12_V008.mp4,25.0
L12_V009.mp4,25.0
L12_V010.mp4,25.0
L12_V011.mp4,25.0
L12_V012.mp4,25.0
L12_V013.mp4,25.0
L12_V014.mp4,25.0
L12_V015.mp4,25.0
L12_V016.mp4,25.0
L12_V017.mp4,25.0
L12_V018.mp4,25.0
L12_V019.mp4,25.0
L12_V020.mp4,25.0
L12_V021.mp4,25.0
L12_V022.mp4,25.0
L12_V023.mp4,25.0
L12_V024.mp4,25.0
L12_V025.mp4,25.0
L12_V026.mp4,25.0
L12_V027.mp4,25.0
L12_V028.mp4,25.0
L12_V029.mp4,25.0
L12_V030.mp4,25.0
L13_V001.mp4,25.0
L13_V002.mp4,25.0
L13_V003.mp4,25.0
L13_V004.mp4,25.0
L13_V005.mp4,25.0
L13_V006.mp4,25.0
L13_V007.mp4,25.0
L13_V008.mp4,25.0
L13_V009.mp4,25.0
L13_V010.mp4,25.0
L13_V011.mp4,25.0
L13_V012.mp4,25.0
L13_V013.mp4,25.0
L13_V014.mp4,25.0
L13_V015.mp4,25.0
L13_V016.mp4,25.0
L13_V017.mp4,25.0
L13_V018.mp4,25.0
L13_V019.mp4,25.0
L13_V020.mp4,25.0
L13_V021.mp4,25.0
L13_V022.mp4,25.0
L13_V023.mp4,25.0
L13_V024.mp4,25.0
L13_V025.mp4,25.0
L13_V026.mp4,25.0
L13_V027.mp4,25.0
L13_V028.mp4,25.0
L13_V029.mp4,25.0
L13_V030.mp4,25.0
L14_V001.mp4,25.0
L14_V002.mp4,25.0
L14_V003.mp4,25.0
L14_V004.mp4,25.0
L14_V005.mp4,25.0
L14_V006.mp4,25.0
L14_V007.mp4,25.0
L14_V008.mp4,25.0
L14_V009.mp4,25.0
L14_V011.mp4,25.0
L14_V012.mp4,25.0
L14_V013.mp4,25.0
L14_V014.mp4,25.0
L14_V015.mp4,25.0
L14_V016.mp4,25.0
L14_V017.mp4,25.0
L14_V018.mp4,25.0
L14_V019.mp4,25.0
L14_V020.mp4,25.0
L14_V021.mp4,25.0
L14_V022.mp4,25.0
L14_V023.mp4,25.0
L14_V024.mp4,25.0
L14_V025.mp4,25.0
L14_V026.mp4,25.0
L14_V027.mp4,25.0
L14_V028.mp4,25.0
L15_V001.mp4,25.0
L15_V002.mp4,25.0
L15_V003.mp4,30.0
L15_V004.mp4,30.0
L15_V005.mp4,30.0
L15_V006.mp4,25.0
L15_V007.mp4,25.0
L15_V008.mp4,30.0
L15_V009.mp4,30.0
L15_V010.mp4,30.0
L15_V011.mp4,30.0
L15_V012.mp4,30.0
L15_V013.mp4,25.0
L15_V014.mp4,25.0
L15_V015.mp4,30.0
L15_V016.mp4,30.0
L15_V017.mp4,30.0
L15_V018.mp4,30.0
L15_V019.mp4,30.0
L15_V020.mp4,25.0
L15_V021.mp4,25.0
L15_V022.mp4,30.0
L15_V023.mp4,30.0
L15_V024.mp4,30.0
L15_V025.mp4,30.0
L15_V026.mp4,25.0
L15_V027.mp4,25.0
L15_V028.mp4,30.0
L15_V029.mp4,30.0
L15_V030.mp4,30.0
L15_V031.mp4,25.0
L16_V001.mp4,30.0
L16_V002.mp4,30.0
L16_V003.mp4,30.0
L16_V004.mp4,25.0
L16_V005.mp4,25.0
L16_V006.mp4,30.0
L16_V007.mp4,30.0
L16_V008.mp4,30.0
L16_V009.mp4,30.0
L16_V010.mp4,25.0
L16_V011.mp4,25.0
L16_V012.mp4,30.0
L16_V013.mp4,30.0
L16_V014.mp4,30.0
L16_V015.mp4,30.0
L16_V016.mp4,30.0
L16_V017.mp4,25.0
L16_V018.mp4,25.0
L16_V019.mp4,30.0
L16_V020.mp4,30.0
L16_V021.mp4,30.0
L16_V022.mp4,30.0
L16_V023.mp4,30.0
L16_V024.mp4,25.0
L16_V025.mp4,25.0
L16_V026.mp4,30.0
L16_V027.mp4,30.0
L16_V028.mp4,30.0
L16_V029.mp4,30.0
L16_V030.mp4,25.0
L16_V031.mp4,25.0
L17_V001.mp4,25.0
L17_V002.mp4,25.0
L17_V003.mp4,30.0
L17_V004.mp4,30.0
L17_V005.mp4,30.0
L17_V006.mp4,30.0
L17_V007.mp4,30.0
L17_V009.mp4,25.0
L17_V010.mp4,30.0
L17_V011.mp4,30.0
L17_V012.mp4,30.0
L17_V013.mp4,30.0
L17_V014.mp4,30.0
L17_V015.mp4,25.0
L17_V016.mp4,25.0
L17_V017.mp4,30.0
L17_V018.mp4,30.0
L17_V019.mp4,30.0
L17_V020.mp4,30.0
L17_V021.mp4,30.0
L17_V022.mp4,25.0
L17_V023.mp4,25.0
L17_V024.mp4,30.0
L17_V025.mp4,30.0
L17_V026.mp4,30.0
L17_V027.mp4,30.0
L17_V028.mp4,30.0
L17_V029.mp4,25.0
L18_V001.mp4,25.0
L18_V002.mp4,30.0
L18_V003.mp4,30.0
L18_V004.mp4,30.0
L18_V005.mp4,30.0
L18_V006.mp4,30.0
L18_V007.mp4,25.0
L18_V008.mp4,25.0
L18_V009.mp4,30.0
L18_V010.mp4,30.0
L18_V011.mp4,30.0
L18_V012.mp4,30.0
L18_V013.mp4,30.0
L18_V014.mp4,25.0
L18_V015.mp4,25.0
L18_V016.mp4,30.0
L18_V017.mp4,30.0
L18_V018.mp4,30.0
L18_V019.mp4,30.0
L18_V020.mp4,30.0
L18_V021.mp4,25.0
L18_V022.mp4,25.0
L18_V023.mp4,30.0
L18_V024.mp4,30.0
L18_V025.mp4,30.0
L18_V026.mp4,30.0
L18_V027.mp4,30.0
L18_V028.mp4,25.0
L18_V029.mp4,25.0
L19_V001.mp4,30.0
L19_V003.mp4,30.0
L19_V004.mp4,30.0
L19_V005.mp4,30.0
L19_V006.mp4,25.0
L19_V007.mp4,30.0
L19_V008.mp4,30.0
L19_V009.mp4,30.0
L19_V010.mp4,30.0
L19_V011.mp4,30.0
L19_V012.mp4,30.0
L19_V013.mp4,25.0
L19_V014.mp4,25.0
L19_V015.mp4,30.0
L19_V016.mp4,30.0
L19_V017.mp4,30.0
L19_V018.mp4,30.0
L19_V019.mp4,30.0
L19_V020.mp4,25.0
L19_V021.mp4,25.0
L19_V022.mp4,30.0
L19_V023.mp4,30.0
L19_V024.mp4,30.0
L19_V025.mp4,30.0
L19_V026.mp4,30.0
L19_V027.mp4,25.0
L19_V028.mp4,25.0
L19_V029.mp4,30.0
L19_V030.mp4,30.0
L19_V031.mp4,30.0
L20_V001.mp4,30.0
L20_V002.mp4,30.0
L20_V003.mp4,30.0
L20_V004.mp4,30.0
L20_V005.mp4,25.0
L20_V006.mp4,25.0
L20_V007.mp4,30.0
L20_V008.mp4,30.0
L20_V009.mp4,30.0
L20_V010.mp4,30.0
L20_V011.mp4,30.0
L20_V012.mp4,25.0
L20_V013.mp4,25.0
L20_V014.mp4,30.0
L20_V015.mp4,30.0
L20_V016.mp4,30.0
L20_V017.mp4,30.0
L20_V018.mp4,30.0
L20_V019.mp4,25.0
L20_V020.mp4,25.0
L20_V021.mp4,30.0
L20_V022.mp4,30.0
L20_V024.mp4,30.0
L20_V025.mp4,30.0
L20_V027.mp4,25.0
L20_V028.mp4,30.0
L20_V029.mp4,30.0
L20_V030.mp4,30.0
L20_V031.mp4,30.0
L21_V001.mp4,30.0
L21_V002.mp4,30.0
L21_V003.mp4,25.0
L21_V005.mp4,30.0
L21_V006.mp4,30.0
L21_V007.mp4,30.0
L21_V008.mp4,25.0
L21_V009.mp4,25.0
L21_V010.mp4,25.0
L21_V011.mp4,25.0
L21_V012.mp4,30.0
L21_V013.mp4,30.0
L21_V014.mp4,30.0
L21_V015.mp4,30.0
L21_V016.mp4,30.0
L21_V017.mp4,25.0
L21_V018.mp4,25.0
L21_V019.mp4,30.0
L21_V021.mp4,30.0
L21_V022.mp4,30.0
L21_V023.mp4,30.0
L21_V024.mp4,25.0
L21_V025.mp4,25.0
L21_V026.mp4,30.0
L21_V027.mp4,30.0
L21_V028.mp4,30.0
L21_V029.mp4,30.0
L21_V030.mp4,30.0
L21_V031.mp4,25.0
L22_V001.mp4,30.0
L22_V002.mp4,25.0
L22_V003.mp4,25.0
L22_V004.mp4,30.0
L22_V005.mp4,30.0
L22_V006.mp4,30.0
L22_V007.mp4,25.0
L22_V008.mp4,25.0
L22_V009.mp4,25.0
L22_V010.mp4,25.0
L22_V011.mp4,30.0
L22_V012.mp4,30.0
L22_V013.mp4,30.0
L22_V014.mp4,30.0
L22_V015.mp4,30.0
L22_V016.mp4,25.0
L22_V017.mp4,25.0
L22_V018.mp4,30.0
L22_V019.mp4,30.0
L22_V020.mp4,30.0
L22_V021.mp4,30.0
L22_V022.mp4,30.0
L22_V023.mp4,25.0
L22_V024.mp4,25.0
L22_V025.mp4,30.0
L22_V026.mp4,30.0
L22_V027.mp4,30.0
L22_V028.mp4,30.0
L22_V029.mp4,30.0
L22_V030.mp4,25.0
L22_V031.mp4,25.0
L23_V001.mp4,25.0
L23_V002.mp4,25.0
L23_V003.mp4,25.0
L23_V004.mp4,25.0
L23_V005.mp4,25.0
L23_V006.mp4,25.0
L23_V007.mp4,25.0
L23_V008.mp4,25.0
L23_V009.mp4,25.0
L23_V010.mp4,25.0
L23_V011.mp4,25.0
L23_V012.mp4,25.0
L23_V013.mp4,25.0
L23_V014.mp4,25.0
L23_V015.mp4,25.0
L23_V016.mp4,25.0
L23_V017.mp4,25.0
L23_V018.mp4,25.0
L23_V019.mp4,25.0
L23_V020.mp4,25.0
L23_V021.mp4,25.0
L23_V022.mp4,25.0
L23_V023.mp4,25.0
L23_V024.mp4,25.0
L23_V025.mp4,25.0
L24_V002.mp4,25.0
L24_V003.mp4,25.0
L24_V004.mp4,25.0
L24_V005.mp4,25.0
L24_V006.mp4,25.0
L24_V007.mp4,25.0
L24_V008.mp4,25.0
L24_V009.mp4,25.0
L24_V010.mp4,25.0
L24_V011.mp4,25.0
L24_V012.mp4,25.0
L24_V013.mp4,25.0
L24_V014.mp4,25.0
L24_V015.mp4,25.0
L24_V016.mp4,25.0
L24_V017.mp4,30.0
L24_V018.mp4,25.0
L24_V019.mp4,30.0
L24_V020.mp4,30.0
L24_V021.mp4,30.0
L24_V022.mp4,30.0
L24_V023.mp4,30.0
L24_V024.mp4,30.0
L24_V025.mp4,30.0
L24_V026.mp4,25.0
L24_V027.mp4,30.0
L24_V028.mp4,30.0
L24_V029.mp4,30.0
L24_V030.mp4,30.0
L24_V031.mp4,30.0
L24_V032.mp4,25.0
L24_V033.mp4,30.0
L24_V035.mp4,30.0
L24_V036.mp4,30.0
L24_V037.mp4,30.0
L24_V038.mp4,30.0
L24_V039.mp4,30.0
L24_V040.mp4,30.0
L24_V041.mp4,30.0
L24_V042.mp4,30.0
L24_V043.mp4,25.0
L24_V044.mp4,26.438
L24_V045.mp4,30.0
L25_V001.mp4,25.0
L25_V002.mp4,25.0
L25_V003.mp4,25.0
L25_V004.mp4,29.97002997002997
L25_V005.mp4,29.97002997002997
L25_V006.mp4,25.0
L25_V007.mp4,25.0
L25_V008.mp4,29.97002997002997
L25_V009.mp4,25.0
L25_V010.mp4,25.0
L25_V011.mp4,25.0
L25_V012.mp4,25.0
L25_V013.mp4,29.97002997002997
L25_V014.mp4,29.97002997002997
L25_V015.mp4,25.0
L25_V016.mp4,25.0
L25_V017.mp4,29.97002997002997
L25_V018.mp4,25.0
L25_V019.mp4,25.0
L25_V020.mp4,25.0
L25_V021.mp4,29.97002997002997
L25_V022.mp4,29.97002997002997
L25_V023.mp4,25.0
L25_V024.mp4,25.0
L25_V025.mp4,29.97002997002997
L25_V026.mp4,25.0
L25_V027.mp4,25.0
L25_V028.mp4,25.0
L25_V029.mp4,25.0
L25_V030.mp4,29.97002997002997
L25_V031.mp4,29.97002997002997
L25_V032.mp4,25.0
L25_V033.mp4,25.0
L25_V034.mp4,29.97002997002997
L25_V035.mp4,25.0
L25_V036.mp4,25.0
L25_V037.mp4,25.0
L25_V038.mp4,25.0
L25_V039.mp4,29.97002997002997
L25_V040.mp4,29.97002997002997
L25_V041.mp4,25.0
L25_V042.mp4,25.0
L25_V043.mp4,29.97002997002997
L25_V044.mp4,25.0
L25_V045.mp4,25.0
L25_V046.mp4,25.0
L25_V047.mp4,25.0
L25_V048.mp4,29.97002997002997
L25_V049.mp4,29.97002997002997
L25_V050.mp4,25.0
L25_V051.mp4,25.0
L25_V052.mp4,29.97002997002997
L25_V053.mp4,25.0
L25_V054.mp4,25.0
L25_V055.mp4,25.0
L25_V056.mp4,25.0
L25_V057.mp4,29.97002997002997
L25_V058.mp4,29.97002997002997
L25_V059.mp4,25.0
L25_V060.mp4,25.0
L25_V061.mp4,29.97002997002997
L25_V062.mp4,25.0
L25_V063.mp4,25.0
L25_V064.mp4,25.0
L25_V065.mp4,25.0
L25_V066.mp4,29.97002997002997
L25_V067.mp4,29.97002997002997
L25_V068.mp4,25.0
L25_V069.mp4,25.0
L25_V070.mp4,29.97002997002997
L25_V071.mp4,25.0
L25_V072.mp4,25.0
L25_V073.mp4,25.0
L25_V074.mp4,29.97002997002997
L25_V075.mp4,25.0
L25_V076.mp4,25.0
L25_V077.mp4,29.97002997002997
L25_V078.mp4,29.97002997002997
L25_V079.mp4,25.0
L25_V080.mp4,25.0
L25_V081.mp4,25.0
L25_V082.mp4,25.0
L25_V083.mp4,25.0
L25_V084.mp4,29.97002997002997
L25_V085.mp4,29.97002997002997
L25_V086.mp4,25.0
L25_V087.mp4,25.0
L25_V088.mp4,29.97002997002997
L26_V001.mp4,25.0
L26_V002.mp4,25.0
L26_V003.mp4,25.0
L26_V004.mp4,25.0
L26_V005.mp4,25.0
L26_V006.mp4,25.0
L26_V007.mp4,25.0
L26_V008.mp4,25.0
L26_V009.mp4,25.0
L26_V010.mp4,25.0
L26_V011.mp4,25.0
L26_V012.mp4,25.0
L26_V013.mp4,25.0
L26_V014.mp4,25.0
L26_V015.mp4,25.0
L26_V016.mp4,25.0
L26_V017.mp4,25.0
L26_V018.mp4,25.0
L26_V019.mp4,25.0
L26_V020.mp4,25.0
L26_V021.mp4,25.0
L26_V022.mp4,25.0
L26_V023.mp4,25.0
L26_V024.mp4,25.0
L26_V025.mp4,25.0
L26_V026.mp4,25.0
L26_V027.mp4,25.0
L26_V028.mp4,25.0
L26_V029.mp4,25.0
L26_V030.mp4,25.0
L26_V031.mp4,25.0
L26_V032.mp4,25.0
L26_V033.mp4,25.0
L26_V034.mp4,25.0
L26_V035.mp4,25.0
L26_V036.mp4,25.0
L26_V037.mp4,25.0
L26_V038.mp4,25.0
L26_V039.mp4,25.0
L26_V040.mp4,25.0
L26_V041.mp4,25.0
L26_V042.mp4,25.0
L26_V043.mp4,25.0
L26_V044.mp4,25.0
L26_V045.mp4,25.0
L26_V046.mp4,25.0
L26_V047.mp4,25.0
L26_V048.mp4,25.0
L26_V049.mp4,25.0
L26_V050.mp4,25.0
L26_V051.mp4,25.0
L26_V052.mp4,25.0
L26_V053.mp4,25.0
L26_V054.mp4,25.0
L26_V055.mp4,25.0
L26_V056.mp4,25.0
L26_V057.mp4,25.0
L26_V058.mp4,25.0
L26_V059.mp4,25.0
L26_V060.mp4,25.0
L26_V061.mp4,25.0
L26_V062.mp4,25.0
L26_V063.mp4,25.0
L26_V064.mp4,25.0
L26_V065.mp4,25.0
L26_V066.mp4,25.0
L26_V067.mp4,25.0
L26_V068.mp4,25.0
L26_V069.mp4,25.0
L26_V070.mp4,25.0
L26_V071.mp4,25.0
L26_V072.mp4,25.0
L26_V073.mp4,25.0
L26_V074.mp4,25.0
L26_V075.mp4,25.0
L26_V076.mp4,25.0
L26_V077.mp4,25.0
L26_V078.mp4,25.0
L26_V079.mp4,25.0
L26_V080.mp4,25.0
L26_V081.mp4,25.0
L26_V082.mp4,25.0
L26_V083.mp4,25.0
L26_V084.mp4,25.0
L26_V085.mp4,25.0
L26_V086.mp4,25.0
L26_V087.mp4,25.0
L26_V088.mp4,25.0
L26_V089.mp4,25.0
L26_V090.mp4,25.0
L26_V091.mp4,25.0
L26_V092.mp4,25.0
L26_V093.mp4,25.0
L26_V094.mp4,25.0
L26_V095.mp4,25.0
L26_V096.mp4,25.0
L26_V097.mp4,25.0
L26_V098.mp4,25.0
L26_V099.mp4,25.0
L26_V100.mp4,25.0
L26_V101.mp4,25.0
L26_V102.mp4,25.0
L26_V103.mp4,25.0
L26_V104.mp4,25.0
L26_V105.mp4,25.0
L26_V106.mp4,25.0
L26_V107.mp4,25.0
L26_V108.mp4,25.0
L26_V109.mp4,25.0
L26_V110.mp4,25.0
L26_V111.mp4,25.0
L26_V112.mp4,25.0
L26_V113.mp4,25.0
L26_V114.mp4,25.0
L26_V115.mp4,25.0
L26_V116.mp4,25.0
L26_V117.mp4,25.0
L26_V118.mp4,25.0
L26_V119.mp4,25.0
L26_V120.mp4,25.0
L26_V121.mp4,25.0
L26_V122.mp4,25.0
L26_V123.mp4,25.0
L26_V124.mp4,25.0
L26_V125.mp4,25.0
L26_V126.mp4,25.0
L26_V127.mp4,25.0
L26_V128.mp4,25.0
L26_V129.mp4,25.0
L26_V130.mp4,25.0
L26_V131.mp4,25.0
L26_V132.mp4,25.0
L26_V133.mp4,25.0
L26_V134.mp4,25.0
L26_V135.mp4,25.0
L26_V136.mp4,25.0
L26_V137.mp4,25.0
L26_V138.mp4,25.0
L26_V139.mp4,25.0
L26_V140.mp4,25.0
L26_V141.mp4,25.0
L26_V142.mp4,25.0
L26_V143.mp4,25.0
L26_V144.mp4,25.0
L26_V145.mp4,25.0
L26_V146.mp4,25.0
L26_V147.mp4,25.0
L26_V148.mp4,25.0
L26_V149.mp4,25.0
L26_V150.mp4,25.0
L26_V151.mp4,25.0
L26_V152.mp4,25.0
L26_V153.mp4,25.0
L26_V154.mp4,25.0
L26_V155.mp4,25.0
L26_V156.mp4,25.0
L26_V157.mp4,25.0
L26_V158.mp4,25.0
L26_V159.mp4,25.0
L26_V160.mp4,25.0
L26_V161.mp4,25.0
L26_V162.mp4,25.0
L26_V163.mp4,25.0
L26_V164.mp4,25.0
L26_V165.mp4,25.0
L26_V166.mp4,25.0
L26_V167.mp4,25.0
L26_V168.mp4,25.0
L26_V169.mp4,25.0
L26_V170.mp4,25.0
L26_V171.mp4,25.0
L26_V172.mp4,25.0
L26_V173.mp4,25.0
L26_V174.mp4,25.0
L26_V175.mp4,25.0
L26_V176.mp4,25.0
L26_V177.mp4,25.0
L26_V178.mp4,25.0
L26_V179.mp4,25.0
L26_V180.mp4,25.0
L26_V181.mp4,25.0
L26_V182.mp4,25.0
L26_V183.mp4,25.0
L26_V184.mp4,25.0
L26_V185.mp4,25.0
L26_V186.mp4,25.0
L26_V187.mp4,25.0
L26_V188.mp4,25.0
L26_V189.mp4,25.0
L26_V190.mp4,25.0
L26_V191.mp4,25.0
L26_V192.mp4,25.0
L26_V193.mp4,25.0
L26_V194.mp4,25.0
L26_V195.mp4,25.0
L26_V196.mp4,25.0
L26_V197.mp4,25.0
L26_V198.mp4,25.0
L26_V199.mp4,25.0
L26_V200.mp4,25.0
L26_V201.mp4,25.0
L26_V202.mp4,25.0
L26_V203.mp4,25.0
L26_V204.mp4,25.0
L26_V205.mp4,25.0
L26_V206.mp4,25.0
L26_V207.mp4,25.0
L26_V208.mp4,25.0
L26_V209.mp4,25.0
L26_V210.mp4,25.0
L26_V211.mp4,25.0
L26_V212.mp4,25.0
L26_V213.mp4,25.0
L26_V214.mp4,25.0
L26_V215.mp4,25.0
L26_V216.mp4,25.0
L26_V217.mp4,25.0
L26_V218.mp4,25.0
L26_V219.mp4,25.0
L26_V220.mp4,25.0
L26_V221.mp4,25.0
L26_V222.mp4,25.0
L26_V223.mp4,25.0
L26_V224.mp4,25.0
L26_V225.mp4,25.0
L26_V226.mp4,25.0
L26_V227.mp4,25.0
L26_V228.mp4,25.0
L26_V229.mp4,25.0
L26_V230.mp4,25.0
L26_V231.mp4,25.0
L26_V232.mp4,25.0
L26_V233.mp4,25.0
L26_V234.mp4,25.0
L26_V235.mp4,25.0
L26_V236.mp4,25.0
L26_V237.mp4,25.0
L26_V238.mp4,25.0
L26_V239.mp4,25.0
L26_V240.mp4,25.0
L26_V241.mp4,25.0
L26_V242.mp4,25.0
L26_V243.mp4,25.0
L26_V244.mp4,25.0
L26_V245.mp4,25.0
L26_V246.mp4,25.0
L26_V247.mp4,25.0
L26_V248.mp4,25.0
L26_V249.mp4,25.0
L26_V250.mp4,25.0
L26_V251.mp4,25.0
L26_V252.mp4,25.0
L26_V253.mp4,25.0
L26_V254.mp4,25.0
L26_V255.mp4,25.0
L26_V256.mp4,25.0
L26_V257.mp4,25.0
L26_V258.mp4,25.0
L26_V259.mp4,25.0
L26_V260.mp4,25.0
L26_V261.mp4,25.0
L26_V262.mp4,25.0
L26_V263.mp4,25.0
L26_V264.mp4,25.0
L26_V265.mp4,25.0
L26_V266.mp4,25.0
L26_V267.mp4,25.0
L26_V268.mp4,25.0
L26_V269.mp4,25.0
L26_V270.mp4,25.0
L26_V271.mp4,25.0
L26_V272.mp4,25.0
L26_V273.mp4,25.0
L26_V274.mp4,25.0
L26_V275.mp4,25.0
L26_V276.mp4,25.0
L26_V277.mp4,25.0
L26_V278.mp4,25.0
L26_V279.mp4,25.0
L26_V280.mp4,25.0
L26_V281.mp4,25.0
L26_V282.mp4,25.0
L26_V283.mp4,25.0
L26_V284.mp4,25.0
L26_V285.mp4,25.0
L26_V286.mp4,25.0
L26_V287.mp4,25.0
L26_V288.mp4,25.0
L26_V289.mp4,25.0
L26_V290.mp4,25.0
L26_V291.mp4,25.0
L26_V292.mp4,25.0
L26_V293.mp4,25.0
L26_V294.mp4,25.0
L26_V295.mp4,25.0
L26_V296.mp4,25.0
L26_V297.mp4,25.0
L26_V298.mp4,25.0
L26_V299.mp4,25.0
L26_V300.mp4,25.0
L26_V301.mp4,25.0
L26_V302.mp4,25.0
L26_V303.mp4,25.0
L26_V304.mp4,25.0
L26_V305.mp4,25.0
L26_V306.mp4,25.0
L26_V307.mp4,25.0
L26_V308.mp4,25.0
L26_V309.mp4,25.0
L26_V310.mp4,25.0
L26_V311.mp4,25.0
L26_V312.mp4,25.0
L26_V313.mp4,25.0
L26_V314.mp4,25.0
L26_V315.mp4,25.0
L26_V316.mp4,25.0
L26_V317.mp4,25.0
L26_V318.mp4,25.0
L26_V319.mp4,25.0
L26_V320.mp4,25.0
L26_V321.mp4,25.0
L26_V322.mp4,25.0
L26_V323.mp4,25.0
L26_V324.mp4,25.0
L26_V325.mp4,25.0
L26_V326.mp4,25.0
L26_V327.mp4,25.0
L26_V328.mp4,25.0
L26_V329.mp4,25.0
L26_V330.mp4,25.0
L26_V331.mp4,25.0
L26_V332.mp4,25.0
L26_V333.mp4,25.0
L26_V334.mp4,25.0
L26_V335.mp4,25.0
L26_V336.mp4,25.0
L26_V337.mp4,25.0
L26_V338.mp4,25.0
L26_V339.mp4,25.0
L26_V340.mp4,25.0
L26_V341.mp4,25.0
L26_V342.mp4,25.0
L26_V343.mp4,25.0
L26_V344.mp4,25.0
L26_V345.mp4,25.0
L26_V346.mp4,25.0
L26_V347.mp4,25.0
L26_V348.mp4,25.0
L26_V349.mp4,25.0
L26_V350.mp4,25.0
L26_V351.mp4,25.0
L26_V352.mp4,25.0
L26_V353.mp4,25.0
L26_V354.mp4,25.0
L26_V355.mp4,25.0
L26_V356.mp4,25.0
L26_V357.mp4,25.0
L26_V358.mp4,25.0
L26_V359.mp4,25.0
L26_V360.mp4,25.0
L26_V361.mp4,25.0
L26_V362.mp4,25.0
L26_V363.mp4,25.0
L26_V364.mp4,25.0
L26_V365.mp4,25.0
L26_V366.mp4,25.0
L26_V367.mp4,25.0
L26_V368.mp4,25.0
L26_V369.mp4,25.0
L26_V370.mp4,25.0
L26_V371.mp4,25.0
L26_V372.mp4,25.0
L26_V373.mp4,25.0
L26_V374.mp4,25.0
L26_V375.mp4,25.0
L26_V376.mp4,25.0
L26_V377.mp4,25.0
L26_V378.mp4,25.0
L26_V379.mp4,25.0
L26_V380.mp4,25.0
L26_V381.mp4,25.0
L26_V382.mp4,25.0
L26_V383.mp4,25.0
L26_V384.mp4,25.0
L26_V385.mp4,25.0
L26_V386.mp4,25.0
L26_V387.mp4,25.0
L26_V388.mp4,25.0
L26_V389.mp4,25.0
L26_V390.mp4,25.0
L26_V391.mp4,25.0
L26_V392.mp4,25.0
L26_V393.mp4,25.0
L26_V394.mp4,25.0
L26_V395.mp4,25.0
L26_V396.mp4,25.0
L26_V397.mp4,25.0
L26_V398.mp4,25.0
L26_V399.mp4,25.0
L26_V400.mp4,25.0
L26_V401.mp4,25.0
L26_V402.mp4,25.0
L26_V403.mp4,25.0
L26_V404.mp4,25.0
L26_V405.mp4,25.0
L26_V406.mp4,25.0
L26_V407.mp4,25.0
L26_V408.mp4,25.0
L26_V409.mp4,25.0
L26_V410.mp4,25.0
L26_V411.mp4,25.0
L26_V412.mp4,25.0
L26_V413.mp4,25.0
L26_V414.mp4,25.0
L26_V415.mp4,25.0
L26_V416.mp4,25.0
L26_V418.mp4,25.0
L26_V419.mp4,25.0
L26_V420.mp4,25.0
L26_V421.mp4,25.0
L26_V422.mp4,25.0
L26_V423.mp4,25.0
L26_V424.mp4,25.0
L26_V425.mp4,25.0
L26_V426.mp4,25.0
L26_V427.mp4,25.0
L26_V428.mp4,25.0
L26_V429.mp4,25.0
L26_V430.mp4,25.0
L26_V431.mp4,25.0
L26_V432.mp4,25.0
L26_V433.mp4,25.0
L26_V434.mp4,25.0
L26_V435.mp4,25.0
L26_V436.mp4,25.0
L26_V437.mp4,25.0
L26_V438.mp4,25.0
L26_V439.mp4,25.0
L26_V440.mp4,25.0
L26_V441.mp4,25.0
L26_V442.mp4,25.0
L26_V443.mp4,25.0
L26_V444.mp4,25.0
L26_V445.mp4,25.0
L26_V446.mp4,25.0
L26_V447.mp4,25.0
L26_V448.mp4,25.0
L26_V449.mp4,25.0
L26_V450.mp4,25.0
L26_V451.mp4,25.0
L26_V452.mp4,25.0
L26_V453.mp4,25.0
L26_V454.mp4,25.0
L26_V455.mp4,25.0
L26_V456.mp4,25.0
L26_V457.mp4,25.0
L26_V458.mp4,25.0
L26_V459.mp4,25.0
L26_V460.mp4,25.0
L26_V461.mp4,25.0
L26_V462.mp4,25.0
L26_V463.mp4,25.0
L26_V464.mp4,25.0
L26_V465.mp4,25.0
L26_V466.mp4,25.0
L26_V467.mp4,25.0
L26_V468.mp4,25.0
L26_V469.mp4,25.0
L26_V470.mp4,25.0
L26_V471.mp4,25.0
L26_V472.mp4,25.0
L26_V473.mp4,25.0
L26_V474.mp4,25.0
L26_V475.mp4,25.0
L26_V476.mp4,25.0
L26_V477.mp4,25.0
L26_V478.mp4,25.0
L26_V479.mp4,25.0
L26_V480.mp4,25.0
L26_V481.mp4,25.0
L26_V482.mp4,25.0
L26_V483.mp4,25.0
L26_V484.mp4,25.0
L26_V485.mp4,25.0
L26_V486.mp4,25.0
L26_V487.mp4,25.0
L26_V488.mp4,25.0
L26_V489.mp4,25.0
L26_V490.mp4,25.0
L26_V491.mp4,25.0
L26_V492.mp4,25.0
L26_V493.mp4,25.0
L26_V494.mp4,25.0
L26_V495.mp4,25.0
L26_V496.mp4,25.0
L26_V497.mp4,25.0
L26_V498.mp4,25.0
L26_V499.mp4,25.0
L27_V001.mp4,25.0
L27_V002.mp4,25.0
L27_V003.mp4,25.0
L27_V004.mp4,25.0
L27_V005.mp4,25.0
L27_V006.mp4,25.0
L27_V007.mp4,25.0
L27_V008.mp4,25.0
L27_V009.mp4,25.0
L27_V010.mp4,25.0
L27_V011.mp4,25.0
L27_V012.mp4,25.0
L27_V013.mp4,25.0
L27_V014.mp4,25.0
L27_V015.mp4,25.0
L27_V016.mp4,25.0
L28_V001.mp4,25.0
L28_V002.mp4,25.0
L28_V003.mp4,25.0
L28_V004.mp4,25.0
L28_V005.mp4,25.0
L28_V006.mp4,25.0
L28_V007.mp4,25.0
L28_V008.mp4,25.0
L28_V009.mp4,25.0
L28_V010.mp4,25.0
L28_V011.mp4,25.0
L28_V012.mp4,25.0
L28_V013.mp4,25.0
L28_V014.mp4,25.0
L28_V015.mp4,25.0
L28_V016.mp4,25.0
L28_V017.mp4,25.0
L28_V018.mp4,25.0
L28_V019.mp4,25.0
L28_V020.mp4,25.0
L28_V021.mp4,25.0
L28_V022.mp4,25.0
L28_V023.mp4,25.0
L28_V024.mp4,25.0
L29_V001.mp4,25.0
L29_V002.mp4,25.0
L29_V003.mp4,25.0
L29_V004.mp4,25.0
L29_V005.mp4,25.0
L29_V006.mp4,25.0
L29_V007.mp4,25.0
L29_V008.mp4,25.0
L29_V009.mp4,25.0
L29_V010.mp4,25.0
L29_V011.mp4,25.0
L29_V012.mp4,25.0
L29_V013.mp4,25.0
L29_V014.mp4,25.0
L29_V015.mp4,25.0
L29_V016.mp4,25.0
L29_V017.mp4,25.0
L29_V018.mp4,25.0
L29_V019.mp4,25.0
L29_V020.mp4,25.0
L29_V021.mp4,25.0
L29_V022.mp4,25.0
L29_V023.mp4,25.0
L30_V001.mp4,25.0
L30_V002.mp4,25.0
L30_V003.mp4,25.0
L30_V004.mp4,25.0
L30_V005.mp4,25.0
L30_V006.mp4,25.0
L30_V007.mp4,25.0
L30_V008.mp4,25.0
L30_V009.mp4,25.0
L30_V010.mp4,25.0
L30_V011.mp4,25.0
L30_V012.mp4,25.0
L30_V013.mp4,25.0
L30_V014.mp4,25.0
L30_V015.mp4,25.0
L30_V016.mp4,25.0
L30_V017.mp4,25.0
L30_V018.mp4,25.0
L30_V019.mp4,25.0
L30_V020.mp4,25.0
L30_V021.mp4,25.0
L30_V022.mp4,25.0
L30_V023.mp4,25.0
L30_V024.mp4,25.0
L30_V025.mp4,25.0
L30_V026.mp4,25.0
L30_V027.mp4,25.0
L30_V028.mp4,25.0
L30_V029.mp4,25.0
L30_V030.mp4,25.0
L30_V031.mp4,25.0
L30_V032.mp4,25.0
L30_V033.mp4,25.0
L30_V034.mp4,25.0
L30_V035.mp4,25.0
L30_V036.mp4,25.0
L30_V037.mp4,25.0
L30_V038.mp4,25.0
L30_V039.mp4,25.0
L30_V040.mp4,25.0
L30_V041.mp4,25.0
L30_V042.mp4,25.0
L30_V043.mp4,25.0
L30_V044.mp4,25.0
L30_V045.mp4,25.0
L30_V046.mp4,25.0
L30_V047.mp4,25.0
L30_V048.mp4,25.0
L30_V049.mp4,25.0
L30_V050.mp4,25.0
L30_V051.mp4,25.0
L30_V052.mp4,25.0
L30_V053.mp4,25.0
L30_V054.mp4,25.0
L30_V055.mp4,25.0
L30_V056.mp4,25.0
L30_V057.mp4,25.0
L30_V058.mp4,25.0
L30_V059.mp4,25.0
L30_V060.mp4,25.0
L30_V061.mp4,25.0
L30_V062.mp4,25.0
L30_V063.mp4,25.0
L30_V064.mp4,25.0
L30_V065.mp4,25.0
L30_V066.mp4,25.0
L30_V067.mp4,25.0
L30_V068.mp4,25.0
L30_V069.mp4,25.0
L30_V070.mp4,25.0
L30_V071.mp4,25.0
L30_V072.mp4,25.0
L30_V073.mp4,25.0
L30_V074.mp4,25.0
L30_V075.mp4,25.0
L30_V076.mp4,25.0
L30_V077.mp4,25.0
L30_V078.mp4,25.0
L30_V079.mp4,25.0
L30_V080.mp4,25.0
L30_V081.mp4,25.0
L30_V082.mp4,25.0
L30_V083.mp4,25.0
L30_V084.mp4,25.0
L30_V085.mp4,25.0
L30_V086.mp4,25.0
L30_V087.mp4,25.0
L30_V088.mp4,25.0
L30_V089.mp4,25.0
L30_V090.mp4,25.0
L30_V091.mp4,25.0
L30_V092.mp4,25.0
L30_V093.mp4,25.0
L30_V094.mp4,25.0
L30_V095.mp4,25.0
L30_V096.mp4,25.0
